Workbook

Sheet Daily Cash Count
B2: Canadian Cash Register Close-Out
B3: All amounts are in Canadian dollars (CAD). Enter the number of each bill and coin in the yellow cells; pennies are not included. Follow the green and orange columns so the register ends at the required float.
B5: Date | C5: 46318 | E5: Employee | I5: Count Status | J5: =IF(COUNT(D9:D18)<COUNTA(B9:B18),"ENTER ALL COUNTS","COUNT COMPLETE")
B6: Closing steps: 1) Enter every yellow quantity, including zero. 2) Wait for “COUNT COMPLETE.” 3) Remove green quantities to the safe and add orange quantities from the safe. 4) The final drawer total will match the manager’s configured float.
B7: COUNT AND ADJUSTMENT BY DENOMINATION
B8: Denomination | C8: Value | D8: Qty Counted | E8: Counted Amount | F8: Ideal Qty To Leave | G8: Qty Take To Safe | H8: Take To Safe $ | I8: Qty Bring From Safe | J8: Bring From Safe $ | K8: Final Qty In Till | L8: Final Value In Till $
B9: $100 bill | C9: 100 | E9: =IF(D9="","",C9*D9) | F9: ='Manager Setup'!D8 | G9: =IF(D9="","",MAX(D9-F9,0)) | H9: =IF(G9="","",C9*G9) | I9: =IF(D9="","",MAX(F9-D9,0)) | J9: =IF(I9="","",C9*I9) | K9: =IF(D9="","",F9) | L9: =IF(K9="","",C9*K9)
B10: $50 bill | C10: 50 | E10: =IF(D10="","",C10*D10) | F10: ='Manager Setup'!D9 | G10: =IF(D10="","",MAX(D10-F10,0)) | H10: =IF(G10="","",C10*G10) | I10: =IF(D10="","",MAX(F10-D10,0)) | J10: =IF(I10="","",C10*I10) | K10: =IF(D10="","",F10) | L10: =IF(K10="","",C10*K10)
B11: $20 bill | C11: 20 | E11: =IF(D11="","",C11*D11) | F11: ='Manager Setup'!D10 | G11: =IF(D11="","",MAX(D11-F11,0)) | H11: =IF(G11="","",C11*G11) | I11: =IF(D11="","",MAX(F11-D11,0)) | J11: =IF(I11="","",C11*I11) | K11: =IF(D11="","",F11) | L11: =IF(K11="","",C11*K11)
B12: $10 bill | C12: 10 | E12: =IF(D12="","",C12*D12) | F12: ='Manager Setup'!D11 | G12: =IF(D12="","",MAX(D12-F12,0)) | H12: =IF(G12="","",C12*G12) | I12: =IF(D12="","",MAX(F12-D12,0)) | J12: =IF(I12="","",C12*I12) | K12: =IF(D12="","",F12) | L12: =IF(K12="","",C12*K12)
B13: $5 bill | C13: 5 | E13: =IF(D13="","",C13*D13) | F13: ='Manager Setup'!D12 | G13: =IF(D13="","",MAX(D13-F13,0)) | H13: =IF(G13="","",C13*G13) | I13: =IF(D13="","",MAX(F13-D13,0)) | J13: =IF(I13="","",C13*I13) | K13: =IF(D13="","",F13) | L13: =IF(K13="","",C13*K13)
B14: $2 coin | C14: 2 | E14: =IF(D14="","",C14*D14) | F14: ='Manager Setup'!D13 | G14: =IF(D14="","",MAX(D14-F14,0)) | H14: =IF(G14="","",C14*G14) | I14: =IF(D14="","",MAX(F14-D14,0)) | J14: =IF(I14="","",C14*I14) | K14: =IF(D14="","",F14) | L14: =IF(K14="","",C14*K14)
B15: $1 coin | C15: 1 | E15: =IF(D15="","",C15*D15) | F15: ='Manager Setup'!D14 | G15: =IF(D15="","",MAX(D15-F15,0)) | H15: =IF(G15="","",C15*G15) | I15: =IF(D15="","",MAX(F15-D15,0)) | J15: =IF(I15="","",C15*I15) | K15: =IF(D15="","",F15) | L15: =IF(K15="","",C15*K15)
B16: Quarter | C16: 0.25 | E16: =IF(D16="","",C16*D16) | F16: ='Manager Setup'!D15 | G16: =IF(D16="","",MAX(D16-F16,0)) | H16: =IF(G16="","",C16*G16) | I16: =IF(D16="","",MAX(F16-D16,0)) | J16: =IF(I16="","",C16*I16) | K16: =IF(D16="","",F16) | L16: =IF(K16="","",C16*K16)
B17: Dime | C17: 0.1 | E17: =IF(D17="","",C17*D17) | F17: ='Manager Setup'!D16 | G17: =IF(D17="","",MAX(D17-F17,0)) | H17: =IF(G17="","",C17*G17) | I17: =IF(D17="","",MAX(F17-D17,0)) | J17: =IF(I17="","",C17*I17) | K17: =IF(D17="","",F17) | L17: =IF(K17="","",C17*K17)
B18: Nickel | C18: 0.05 | E18: =IF(D18="","",C18*D18) | F18: ='Manager Setup'!D17 | G18: =IF(D18="","",MAX(D18-F18,0)) | H18: =IF(G18="","",C18*G18) | I18: =IF(D18="","",MAX(F18-D18,0)) | J18: =IF(I18="","",C18*I18) | K18: =IF(D18="","",F18) | L18: =IF(K18="","",C18*K18)
B19: TOTAL | E19: =SUM(E9:E18) | F19: =SUMPRODUCT(C9:C18,F9:F18) | H19: =SUM(H9:H18) | J19: =SUM(J9:J18) | L19: =SUM(L9:L18)
B21: CLOSE-OUT SUMMARY | H21: QUICK CHECKLIST
B22: Total cash counted in drawer | E22: =IF($J$5="COUNT COMPLETE",E19,"") | H22: 1. Enter a number in each yellow quantity cell — use 0 when none are present.
B23: Configured float to leave in register | E23: =IF($J$5="COUNT COMPLETE",L19,"") | H23: 2. Confirm the Count Status says “COUNT COMPLETE.”
B24: Cash to take to safe (total removed) | E24: =IF($J$5="COUNT COMPLETE",H19,"") | H24: 3. Take green quantities to the safe. Bring orange quantities from the safe.
B25: Cash to bring from safe (total added) | E25: =IF($J$5="COUNT COMPLETE",J19,"") | H25: 4. When done, the final register total should equal the configured float.
B26: Net cash to safe (+) / from safe (-) | E26: =IF($J$5="COUNT COMPLETE",H19-J19,"") | H26: 5. Copy the final amounts to Cash Count Log if you keep a daily audit trail.
B27: Final register total after adjustments | E27: =IF($J$5="COUNT COMPLETE",L19,"") | H27: 6. Important: use the denomination directions, not only the net amount.
B30: Colour key: Yellow = enter quantity | Green = remove to safe | Orange = bring from safe | Blue = manager-set target / calculated result

Sheet Manager Setup
B2: Manager Setup: Canadian Till Float and Ideal Mix
B3: Manager use: adjust the yellow “Ideal Qty to Leave” cells to match your operation. The configured mix must equal the Expected Float before employees use the Daily Cash Count sheet.
B5: FLOAT SETTINGS
B6: Expected Float | C6: 250 | D6: Change this only if the desired total float changes.
B7: Denomination | C7: Value | D7: Ideal Qty To Leave | E7: Ideal Value To Leave | F7: Manager Note
B8: $100 bill | C8: 100 | D8: 0 | E8: =C8*D8
B9: $50 bill | C9: 50 | D9: 0 | E9: =C9*D9
B10: $20 bill | C10: 20 | D10: 5 | E10: =C10*D10
B11: $10 bill | C11: 10 | D11: 6 | E11: =C11*D11
B12: $5 bill | C12: 5 | D12: 8 | E12: =C12*D12
B13: $2 coin | C13: 2 | D13: 10 | E13: =C13*D13
B14: $1 coin | C14: 1 | D14: 15 | E14: =C14*D14
B15: Quarter | C15: 0.25 | D15: 40 | E15: =C15*D15
B16: Dime | C16: 0.1 | D16: 30 | E16: =C16*D16
B17: Nickel | C17: 0.05 | D17: 40 | E17: =C17*D17
B18: CONFIGURED FLOAT | E18: =SUM(E8:E17)
B20: READINESS CHECK
B21: Configured Float | E21: =E18
B22: Expected Float | E22: =C6
B23: Setup Status | E23: =IF(E18=C6,"READY FOR USE","UPDATE IDEAL QUANTITIES")
B25: Recommended Canadian starting mix: $20×5, $10×6, $5×8, $2×10, $1×15, 25¢×40, 10¢×30, and 5¢×40. This adds to C$250.00. Pennies are not included. Change the mix to suit your normal transaction and change-making needs, but make sure the status is “READY FOR USE.”

Sheet Cash Count Log
B2: Canadian Cash Count Log
B3: Optional daily audit trail: after close-out, copy the summary amounts from the Daily Cash Count sheet into the next blank row below. All amounts are Canadian dollars (CAD).
B5: Tip: “Net To Safe” is positive when cash is deposited to the safe and negative when cash is brought from the safe. Use the denomination table on Daily Cash Count for the actual Canadian bills and coins.
B7: Date | C7: Employee / Initials | D7: Cash Counted | E7: Float Left | F7: To Safe | G7: From Safe | H7: Net To Safe | I7: Notes
