Workbook

Sheet Fermeture de caisse
B2: Fermeture quotidienne de caisse
B3: Tous les montants sont en dollars canadiens (CAD). Inscrivez le nombre de billets et de pièces dans les cellules jaunes; les pièces de 1 ¢ ne sont pas incluses. Suivez les colonnes vertes et orange pour laisser le bon fond de caisse.
B5: Date | C5: 46318 | E5: Employé(e) | I5: État du compte | J5: =IF(COUNT(D9:D18)<COUNTA(B9:B18),"ENTREZ TOUTES LES QUANTITÉS","COMPTE COMPLET")
B6: Étapes de fermeture : 1) Inscrivez une quantité dans chaque cellule jaune, y compris 0. 2) Attendez le message « COMPTE COMPLET ». 3) Déposez les quantités vertes au coffre-fort et ajoutez les quantités orange depuis le coffre-fort. 4) Le total final égalera le fond de caisse configuré.
B7: COMPTE ET AJUSTEMENT PAR COUPURE
B8: Billet / pièce | C8: Valeur | D8: Qté comptée | E8: Montant compté | F8: Qté idéale à laisser | G8: Qté à déposer au coffre | H8: Montant à déposer | I8: Qté à prendre du coffre | J8: Montant à prendre | K8: Qté finale en caisse | L8: Valeur finale en caisse
B9: Billet de 100 $ | C9: 100 | E9: =IF(D9="","",C9*D9) | F9: ='Paramètres gérant'!D8 | G9: =IF(D9="","",MAX(D9-F9,0)) | H9: =IF(G9="","",C9*G9) | I9: =IF(D9="","",MAX(F9-D9,0)) | J9: =IF(I9="","",C9*I9) | K9: =IF(D9="","",F9) | L9: =IF(K9="","",C9*K9)
B10: Billet de 50 $ | C10: 50 | E10: =IF(D10="","",C10*D10) | F10: ='Paramètres gérant'!D9 | G10: =IF(D10="","",MAX(D10-F10,0)) | H10: =IF(G10="","",C10*G10) | I10: =IF(D10="","",MAX(F10-D10,0)) | J10: =IF(I10="","",C10*I10) | K10: =IF(D10="","",F10) | L10: =IF(K10="","",C10*K10)
B11: Billet de 20 $ | C11: 20 | E11: =IF(D11="","",C11*D11) | F11: ='Paramètres gérant'!D10 | G11: =IF(D11="","",MAX(D11-F11,0)) | H11: =IF(G11="","",C11*G11) | I11: =IF(D11="","",MAX(F11-D11,0)) | J11: =IF(I11="","",C11*I11) | K11: =IF(D11="","",F11) | L11: =IF(K11="","",C11*K11)
B12: Billet de 10 $ | C12: 10 | E12: =IF(D12="","",C12*D12) | F12: ='Paramètres gérant'!D11 | G12: =IF(D12="","",MAX(D12-F12,0)) | H12: =IF(G12="","",C12*G12) | I12: =IF(D12="","",MAX(F12-D12,0)) | J12: =IF(I12="","",C12*I12) | K12: =IF(D12="","",F12) | L12: =IF(K12="","",C12*K12)
B13: Billet de 5 $ | C13: 5 | E13: =IF(D13="","",C13*D13) | F13: ='Paramètres gérant'!D12 | G13: =IF(D13="","",MAX(D13-F13,0)) | H13: =IF(G13="","",C13*G13) | I13: =IF(D13="","",MAX(F13-D13,0)) | J13: =IF(I13="","",C13*I13) | K13: =IF(D13="","",F13) | L13: =IF(K13="","",C13*K13)
B14: Pièce de 2 $ | C14: 2 | E14: =IF(D14="","",C14*D14) | F14: ='Paramètres gérant'!D13 | G14: =IF(D14="","",MAX(D14-F14,0)) | H14: =IF(G14="","",C14*G14) | I14: =IF(D14="","",MAX(F14-D14,0)) | J14: =IF(I14="","",C14*I14) | K14: =IF(D14="","",F14) | L14: =IF(K14="","",C14*K14)
B15: Pièce de 1 $ | C15: 1 | E15: =IF(D15="","",C15*D15) | F15: ='Paramètres gérant'!D14 | G15: =IF(D15="","",MAX(D15-F15,0)) | H15: =IF(G15="","",C15*G15) | I15: =IF(D15="","",MAX(F15-D15,0)) | J15: =IF(I15="","",C15*I15) | K15: =IF(D15="","",F15) | L15: =IF(K15="","",C15*K15)
B16: Pièce de 25 ¢ | C16: 0.25 | E16: =IF(D16="","",C16*D16) | F16: ='Paramètres gérant'!D15 | G16: =IF(D16="","",MAX(D16-F16,0)) | H16: =IF(G16="","",C16*G16) | I16: =IF(D16="","",MAX(F16-D16,0)) | J16: =IF(I16="","",C16*I16) | K16: =IF(D16="","",F16) | L16: =IF(K16="","",C16*K16)
B17: Pièce de 10 ¢ | C17: 0.1 | E17: =IF(D17="","",C17*D17) | F17: ='Paramètres gérant'!D16 | G17: =IF(D17="","",MAX(D17-F17,0)) | H17: =IF(G17="","",C17*G17) | I17: =IF(D17="","",MAX(F17-D17,0)) | J17: =IF(I17="","",C17*I17) | K17: =IF(D17="","",F17) | L17: =IF(K17="","",C17*K17)
B18: Pièce de 5 ¢ | C18: 0.05 | E18: =IF(D18="","",C18*D18) | F18: ='Paramètres gérant'!D17 | G18: =IF(D18="","",MAX(D18-F18,0)) | H18: =IF(G18="","",C18*G18) | I18: =IF(D18="","",MAX(F18-D18,0)) | J18: =IF(I18="","",C18*I18) | K18: =IF(D18="","",F18) | L18: =IF(K18="","",C18*K18)
B19: TOTAL | E19: =SUM(E9:E18) | F19: =SUMPRODUCT(C9:C18,F9:F18) | H19: =SUM(H9:H18) | J19: =SUM(J9:J18) | L19: =SUM(L9:L18)
B21: RÉSUMÉ DE FERMETURE | H21: LISTE RAPIDE
B22: Argent total compté en caisse | E22: =IF($J$5="COMPTE COMPLET",E19,"") | H22: 1. Inscrivez une quantité dans toutes les cases jaunes — indiquez 0 lorsqu’il n’y en a pas.
B23: Fond de caisse à laisser | E23: =IF($J$5="COMPTE COMPLET",L19,"") | H23: 2. Vérifiez que l’état du compte indique « COMPTE COMPLET ».
B24: Montant à déposer au coffre-fort | E24: =IF($J$5="COMPTE COMPLET",H19,"") | H24: 3. Déposez les quantités vertes au coffre-fort. Prenez les quantités orange du coffre-fort.
B25: Montant à prendre du coffre-fort | E25: =IF($J$5="COMPTE COMPLET",J19,"") | H25: 4. Après l’ajustement, le total de la caisse doit égaler le fond de caisse.
B26: Net au coffre-fort (+) / à prendre (-) | E26: =IF($J$5="COMPTE COMPLET",H19-J19,"") | H26: 5. Copiez les totaux dans le Journal de caisse si vous conservez un registre quotidien.
B27: Total final de la caisse après ajustement | E27: =IF($J$5="COMPTE COMPLET",L19,"") | H27: 6. Important : suivez les directives par coupure, pas seulement le montant net.
B30: Code couleur : Jaune = quantité à inscrire | Vert = déposer au coffre-fort | Orange = prendre du coffre-fort | Bleu = cible du gérant / résultat calculé

Sheet Paramètres gérant
B2: Paramètres du gérant : fond de caisse et coupures
B3: Pour le gérant : modifiez les cellules jaunes « Qté idéale à laisser » selon vos besoins. Le total configuré doit égaler le fond attendu avant l’utilisation de la feuille Fermeture de caisse.
B5: PARAMÈTRES DU FOND DE CAISSE
B6: Fond de caisse attendu | C6: 250 | D6: Modifiez seulement si le total du fond de caisse doit changer.
B7: Billet / pièce | C7: Valeur | D7: Qté idéale à laisser | E7: Valeur idéale à laisser | F7: Note du gérant
B8: Billet de 100 $ | C8: 100 | D8: 0 | E8: =C8*D8
B9: Billet de 50 $ | C9: 50 | D9: 0 | E9: =C9*D9
B10: Billet de 20 $ | C10: 20 | D10: 5 | E10: =C10*D10
B11: Billet de 10 $ | C11: 10 | D11: 6 | E11: =C11*D11
B12: Billet de 5 $ | C12: 5 | D12: 8 | E12: =C12*D12
B13: Pièce de 2 $ | C13: 2 | D13: 10 | E13: =C13*D13
B14: Pièce de 1 $ | C14: 1 | D14: 15 | E14: =C14*D14
B15: Pièce de 25 ¢ | C15: 0.25 | D15: 40 | E15: =C15*D15
B16: Pièce de 10 ¢ | C16: 0.1 | D16: 30 | E16: =C16*D16
B17: Pièce de 5 ¢ | C17: 0.05 | D17: 40 | E17: =C17*D17
B18: FOND CONFIGURÉ | E18: =SUM(E8:E17)
B20: VÉRIFICATION
B21: Fond configuré | E21: =E18
B22: Fond attendu | E22: =C6
B23: État des paramètres | E23: =IF(E18=C6,"PRÊT À UTILISER","METTRE À JOUR LES QUANTITÉS")
B25: Répartition canadienne recommandée : 20 $×5, 10 $×6, 5 $×8, 2 $×10, 1 $×15, 25 ¢×40, 10 ¢×30 et 5 ¢×40. Le total est de 250,00 $ CA. Les pièces de 1 ¢ ne sont pas incluses. Modifiez la répartition selon les besoins de monnaie, mais assurez-vous que l’état indique « PRÊT À UTILISER ».

Sheet Journal de caisse
B2: Journal de caisse canadien
B3: Registre quotidien facultatif : après la fermeture, copiez les montants du résumé de la feuille Fermeture de caisse dans la prochaine ligne vide. Tous les montants sont en dollars canadiens (CAD).
B5: Astuce : « Net au coffre » est positif lorsqu’un dépôt est fait au coffre-fort et négatif lorsqu’il faut prendre de l’argent du coffre-fort. Utilisez le tableau de coupures de la feuille Fermeture de caisse pour les billets et les pièces.
B7: Date | C7: Employé(e) / initiales | D7: Argent compté | E7: Fond laissé | F7: Au coffre | G7: Du coffre | H7: Net au coffre | I7: Notes
